,212 Men 100ml TB,550,1,1,5,1,2,assets/images/212men.jpg
,212 Men 100ml OB,750,1,1,5,1,1,assets/images/212men.jpg
,212 Sexy Men 100ml OB,750,1,1,5,1,1,assets/images/212sexymen.jpg
,Acqua Di Gio 100ml TB,550,1,1,1,1,2,assets/images/212men.jpg
,Acqua Di Gio 100ml OB,750,1,1,1,1,1,assets/images/212men.jpg
,Bvlgari Aqva Marine 100ml TB,550,1,1,3,1,2,assets/images/bvlgari-omnia-amethyste.jpg
,Bvlgari Aqva 100ml TB,550,1,1,3,1,2,assets/images/bvlgari-omnia-amethyste.jpg
,Bvlgari Blv 100ml TB,550,1,1,3,1,2,assets/images/bvlgari-omnia-amethyste.jpg
,Bvlgari Extreme 100ml OB,750,1,1,3,1,1,assets/images/bvlgari-omnia-amethyste.jpg
,Bvlgari Man 100ml OB,750,1,1,3,1,1,assets/images/bvlgari-omnia-amethyste.jpg
,Bvlgari Man Extreme 100ml OB,750,1,1,3,1,1,assets/images/bvlgari-omnia-amethyste.jpg
,Bvlgari Man in Black 100ml OB,750,1,1,3,1,1,assets/images/bvlgari-omnia-amethyste.jpg
